no,city,gugun,companyname,industrycode,industryname,checkdate,checkdetail,address
1,서울특별시,성북구,삼덕세차장,22,폐수배출업소관리,20170531,배출시설 및 방지시설 적정운영 여부,
2,서울특별시,성북구,그린에너지-주 종암주유소,22,폐수배출업소관리,20170525,배출시설 및 방지시설 적정운영 여부,서울특별시 성북구 종암로 145 (종암동)
3,서울특별시,성북구,월곡윤활유급유소,22,폐수배출업소관리,20170525,배출시설 및 방지시설 적정운영여부,서울특별시 성북구 화랑로 160 (상월곡동)
4,서울특별시,성북구,금호카세차장,22,폐수배출업소관리,20170525,배출시설 및 방지시설 적정운영 여부,서울특별시 성북구 화랑로 118  (하월곡동)
5,서울특별시,성북구,성북주유소,22,폐수배출업소관리,20170525,배출시설 및 방지시설 적정운영 여부,서울특별시 성북구 보문로 142 (보문동1가)
6,서울특별시,성북구,현대오일뱅크(주)직영고대주유소,22,폐수배출업소관리,20170525,배출시설 및 방지시설 적정운영 여부,서울특별시 성북구 종암로 12  (종암동)
7,서울특별시,성북구,북악주유소,22,폐수배출업소관리,20170523,배출시설 및 방지시설 적정운영 여부,서울특별시 성북구 정릉로 218 (정릉동)
8,서울특별시,성북구,주-원천석유 원천제1주유소,22,폐수배출업소관리,20170523,배출시설 및 방지시설 적정운영 여부,서울특별시 성북구 보국문로 52 (정릉동)
9,서울특별시,성북구,현대세차장,22,폐수배출업소관리,20170523,배출시설 및 방지시설 적정운영 여부,서울특별시 성북구 정릉로 255 (정릉동)
10,서울특별시,성북구,삼선주유소,22,폐수배출업소관리,20170523,배출시설 및 방지시설 적정운영 여부,
11,서울특별시,성북구,도원교통(주),22,폐수배출업소관리,20170523,배출시설 및 방지시설 적정운영 여부,서울특별시 성북구 정릉로10길 17 (정릉동)
12,서울특별시,성북구,원천주유소,22,폐수배출업소관리,20170427,배출시설 및 방지시설 적정운영 여부,서울특별시 성북구 돌곶이로 142-02765 (장위동)
13,서울특별시,성북구,고려대학교(실험실),22,폐수배출업소관리,20170427,배출시설 및 방지시설 적정운영 여부,
14,서울특별시,성북구,아리수세차장,22,,20170413,폐수배출시설 및 방지시설 정상가동여부,서울특별시 성북구 한천로 620 (장위동)
15,서울특별시,성북구,상진운수(주),22,폐수배출업소관리,20170413,배출시설 및 방지시설 적정운영 여부,
16,서울특별시,성북구,1급서비스쎈타,22,폐수배출업소관리,20170413,배출시설 및 방지시설 적정운영 여부,
17,서울특별시,성북구,대륙여객자동차(주),22,폐수배출업소관리,20170413,배출시설 및 방지시설 적정운영 여부,서울특별시 성북구 한천로 624 (장위동)
18,서울특별시,성북구,아리수세차장,22,폐수배출업소관리,20170413,배출시설 및 방지시설 적정운영 여부,서울특별시 성북구 한천로 620 (장위동)
19,서울특별시,성북구,우리주유소,22,,20170324,배출시설 및 방지시설 적정운영 여부,서울특별시 성북구 화랑로 292 (석관동)
20,서울특별시,성북구,동성자동차공업(주),21,대기배출업소관리,20161220,대기배출시설 및 방지시설 적정운영 여부,서울특별시 성북구 월계로10길 14-8 (하월곡동)
21,서울특별시,성북구,도원교통(주),21,대기배출업소관리,20161220,대기배출시설 및 방지시설 적정운영 여부,
22,서울특별시,성북구,상진운수(주),21,대기배출업소관리,20161220,대기배출시설 및 방지시설 적정운영 여부,서울특별시 성북구 한천로76길 42  (석관동)
23,서울특별시,성북구,뉴봉이랜드,21,대기배출업소관리,20161220,대기배출시설 및 방지시설 적정운영 여부,서울특별시 성북구 종암로 129 (종암동 청한빌딩)
24,서울특별시,성북구,한국과학기술연구원,21,대기배출업소관리,20161219,대기배출시설 적정운영 여부,서울특별시 성북구 화랑로14길 5 (하월곡동)
25,서울특별시,성북구,고려대학교 안암캠퍼스,21,대기배출업소관리,20161219,대기배출시설 적정운영 여부,서울특별시 성북구 안암로 145 (안암동5가 고려대학교안암캠퍼스(인문사회계))
26,서울특별시,성북구,고려대학교 의과대학,21,대기배출업소관리,20161219,대기배출시설 적정운영 여부,서울특별시 성북구 안암로 145 (안암동5가 고려대학교안암캠퍼스 자연계)
27,서울특별시,성북구,성북청소년수련관,21,대기배출업소관리,20161219,대기배출시설 적정운영 여부,서울특별시 성북구 한천로95길 7 (장위동 성북청소년수련관)
28,서울특별시,성북구,국민대학교,21,대기배출업소관리,20161216,대기배출시설 적정운영 여부,서울특별시 성북구 정릉로 77 (정릉동 국민대학교)
29,서울특별시,성북구,롯데자산개발(주) 동소문점,21,대기배출업소관리,20161216,대기배출시설 적정운영 여부,서울특별시 성북구 성북로 12-3 (동소문동1가)
30,서울특별시,성북구,(주)유타몰,21,대기배출업소관리,20161216,대기배출시설 적정운영 여부,서울특별시 성북구 동소문로 106 (동선동1가 유타)
31,서울특별시,성북구,고려대학교 정릉캠퍼스,21,대기배출업소관리,20161216,대기배출시설 적정운영 여부,서울특별시 성북구 정릉로 161 (정릉동 고려대학교보건과학대학)
32,서울특별시,성북구,(주)이마트 하월곡점,21,대기배출업소관리,20161214,대기배출시설 적정운영 여부,서울특별시 성북구 종암로 167 (하월곡동 동일하이빌뉴시티)
33,서울특별시,성북구,(주)국민은행 업무지원센터,21,대기배출업소관리,20161214,대기배출시설 적정운영 여부,서울특별시 성북구 종암로 44 (종암동 국민은행 종암동지점)
34,서울특별시,성북구,한국예술종합학교,21,대기배출업소관리,20161214,대기배출시설 적정운영 여부,서울특별시 성북구 화랑로32길 146-37 (석관동 한국예술종합학교)
35,서울특별시,성북구,(주)이마트 미아점,21,대기배출업소관리,20161214,대긱배출시설 적정운영 여부,서울특별시 성북구 도봉로 17 (길음동 신세계 이마트 미아점)
36,서울특별시,성북구,동덕여자대학교,21,대기배출업소관리,20161213,대기배출시설 적정운영 여부,서울특별시 성북구 화랑로13길 60 (하월곡동 동덕여자대학교)
37,서울특별시,성북구,한성대학교,21,대기배출업소관리,20161213,대기배출시설 적정운영 여부,서울특별시 성북구 삼선교로16길 116 (삼선동2가 한성대학교)
38,서울특별시,성북구,성북구청,21,대기배출업소관리,20161213,대기배출시설 적정운영여부,서울특별시 성북구 보문로 168 (삼선동5가 성북구청)
39,서울특별시,성북구,성북구도시관리공단(개운산스포츠센터),21,대기배출업소관리,20161212,대기배출시설 적정운영 여부,서울특별시 성북구 북악산로 949-60 (종암동 성북구의회청사)
40,서울특별시,성북구,성북구도시관리공단(성북종합레포츠),21,대기배출업소관리,20161212,대기배출시설 적정운영 여부,서울특별시 성북구 한천로58길 307 (석관동 성북종합레포츠타운)
41,서울특별시,성북구,서경대학교,21,대기배출업소관리,20161212,대기배출시설 적정운영여부,서울특별시 성북구 서경로 124 (정릉동 서경대학교)
42,서울특별시,성북구,성신여자대학교,21,대기배출업소관리,20161212,대기배출시설 적정운영여부,서울특별시 성북구 보문로34다길 2 (돈암동 성신여자대학교)
43,서울특별시,성북구,영광교통(주),22,폐수배출업소관리,20161209,배출시설 및 방지시설 적정운영 여부,서울특별시 성북구 한천로 618 (장위동)
44,서울특별시,성북구,국민대학교,22,폐수배출업소관리,20161209,배출시설 적정운영여부,서울특별시 성북구 정릉로 77 (정릉동국민대학교)
45,서울특별시,성북구,한국과학기술연구원,22,폐수배출업소관리,20161027,배출시설 및 방지시설 적정운영 여부 등,
46,서울특별시,성북구,성가복지병원,22,폐수배출업소관리,20161027,배출시설 및 방지시설 적정운영 여부,서울특별시 성북구 종암로 191 (하월곡동성가복지병원)
47,서울특별시,성북구,서울척병원,22,폐수배출업소관리,20161020,배출시설 및 방지시설 적정운영여부 등,서울특별시 성북구 동소문로47길 8 (길음동)
48,서울특별시,성북구,고려대학교,22,폐수배출업소관리,20161018,배출시설 및 방지시설 적정운영 여부(2회차),
49,서울특별시,성북구,그린에너지-주 종암주유소,22,폐수배출업소관리,20161013,배출시설 및 방지시설 적정운영 여부 등,서울특별시 성북구 종암로 145 (종암동)
50,서울특별시,성북구,은성카세차,22,폐수배출업소관리,20161013,배출시설 및 방지시설 적정운영 여부,서울특별시 성북구 보문로13나길 5  (보문동7가은성카세차)
51,서울특별시,성북구,주식회사 중앙에너비스종암지점,22,폐수배출업소관리,20161013,배출시설 및 방지시설 적정운영 여부,서울특별시 성북구 종암로 58 (종암동)
52,서울특별시,성북구,우리주유소,22,폐수배출업소관리,20161013,배출시설 및 방지시설 적정운영 여부,서울특별시 성북구 화랑로 292 (석관동)
53,서울특별시,성북구,영도상운(주),22,폐수배출업소관리,20161005,폐수배출시설 및 방지시설 적정운영 여부,서울특별시 성북구 화랑로 27  (하월곡동)
54,서울특별시,성북구,청수세차장,22,폐수배출업소관리,20161005,폐수배출시설 및 방지시설 적정운영 여부,
55,서울특별시,성북구,(주)아띠모,22,폐수배출업소관리,20161005,폐수배출시설 및 방지시설 적정운영 여부,서울특별시 성북구 보문로29길 60  (삼선동5가)
56,서울특별시,성북구,삼덕세차장,22,폐수배출업소관리,20161005,폐수배출시설 및 방지시설 적정운영 여부,서울특별시 성북구 북악산로 852-1  (정릉동)
57,서울특별시,성북구,(주)삼표에너지정릉주유소,22,폐수배출업소관리,20161005,폐수배출시설 및 방지시설 적정운영 여부,
58,서울특별시,성북구,SK네트웍스-주 광덕주유소,22,폐수배출업소관리,20160928,배출시설 및 방지시설 적정운영 여부,서울특별시 성북구 보문로 89  (보문동5가광덕주유소)
59,서울특별시,성북구,동일주유소,22,폐수배출업소관리,20160928,배출시설 및 방지시설 적정운영 여부,
60,서울특별시,성북구,S.K글로벌(주) 장삼주유소,22,폐수배출업소관리,20160922,배출시설 임의증설 등 신고사항 적정여부 방지시설 정상가동 등,
61,서울특별시,성북구,청백세차장,22,폐수배출업소관리,20160922,배출시설 임의증설 등 신고사항 적정여부 등,서울특별시 성북구 돌곶이로 197-3  (장위동)
62,서울특별시,성북구,그린자동차공업사,22,폐수배출업소관리,20160922,배출시설 임의증설 등 신고사항 적정여부 방지시설 정상가동 등,서울특별시 성북구 장월로6길 31-11 (장위동)
63,서울특별시,성북구,닥터장손세차장,22,폐수배출업소관리,20160922,배출시설 임의증설 등 신고사항 적정여부 방지시설 정상가동 등,서울특별시 성북구 장월로 26 (장위동)
64,서울특별시,성북구,으뜸세차장,22,폐수배출업소관리,20160920,배출시설 임의증설 등 신고사항 적정여부 방지시설 적정운영 등,서울특별시 성북구 오패산로1길 9 (하월곡동)
65,서울특별시,성북구,정현카세차장,22,폐수배출업소관리,20160920,방지시설 적정운영 일지 작성상태 등,
66,서울특별시,성북구,신명에너지(주) 화랑로주유소,22,폐수배출업소관리,20160920,배출시설 임의증설 등 신고사항 적정여부 방지시설 정상가동 등,서울특별시 성북구 화랑로 174 (상월곡동)
67,서울특별시,성북구,금호카세차장,22,폐수배출업소관리,20160920,배출시설 임의증설 등 신고사항 적정여부 방지시설 정상가동 등,서울특별시 성북구 화랑로 118  (하월곡동)
68,서울특별시,성북구,성가복지병원,22,폐수배출업소관리,20160801,폐수배출시설 적정 관리 여부,서울특별시 성북구 종암로 191 (하월곡동성가복지병원)
69,서울특별시,성북구,의료법인 서광의료재단 성북중앙병원,22,폐수배출업소관리,20160801,폐수배출시설 적정 관리 여부,서울특별시 성북구 종암로 72 (종암동 성북중앙병원)
70,서울특별시,성북구,돈암한증원,21,대기배출업소관리,20160726,배출시설 및 방지시설 운영일지 기록 여부 방지시설 부적정 운영 및 오염물질 누출 등 불법행위 여부,서울특별시 성북구 동소문로13나길 103 (동소문동7가 봉황사(법륜종))
71,서울특별시,성북구,우리랜드,21,대기배출업소관리,20160715,대기 배출시설 및 방지시설의 신고사항 일치여부 적산 전력계 및 측정공 적정 설치여부 방지시설 부적정 운영 및 오염물질 누출 등 불법행위 여부,
72,서울특별시,성북구,고려대학교,22,폐수배출업소관리,20160704,배출시설 적정 관리여부,
73,서울특별시,성북구,의료법인참예원의료재단 성북참노인전문병원,22,폐수배출업소관리,20160627,위탁처리업체 임의변경 여부 확인 위탁처리량 확인,서울특별시 성북구 북악산로1길 71 (정릉동)
74,서울특별시,성북구,을지운수(주),22,폐수배출업소관리,20160622,방지시설 정상가동 여부 방류수 수질검사 의뢰,
75,서울특별시,성북구,대왕기업(주),22,폐수배출업소관리,20160622,방지시설 정상가동 여부 방류수 수질검사 의뢰,서울특별시 성북구 보국문로 67 (정릉동)
76,서울특별시,성북구,삼우자동차서비스,21,대기배출업소관리,20160512,신고사항 일치여부 적산전력계 및 측정공 적정 설치여부 불법행위 여부,서울특별시 성북구 창경궁로 316 (삼선동1가)
77,서울특별시,성북구,(주)온누리모터스,21,대기배출업소관리,20160512,신고사항 일치여부 적산전력계 및 측정공 적정 설치여부 불법행위 여부,서울특별시 성북구 보문로 41 (보문동7가)
78,서울특별시,성북구,고려대학교의과대학부속병원,22,폐수배출업소관리,20160511,폐수배출시설 및 방지시설 관리실태,서울특별시 성북구 인촌로 73 (안암동5가)
79,서울특별시,성북구,고려대학교의료원(고려대학교의료원안암병원),21,대기배출업소관리,20160511,신고사항 일치여부 적산전력계 및 측정공 적정 설치여부 불법행위 여부,서울특별시 성북구 인촌로 73 (안암동5가 고려대병원)
80,서울특별시,성북구,대진여객(주),22,폐수배출업소관리,20160511,신고사항 일치여부 적산전력계 및 측정공 적정 설치여부 불법행위 여부,
81,서울특별시,성북구,월곡건강랜드,21,대기배출업소관리,20160420,1. 대기배출시설 및 방지시설의 신고사항 일치여부 2. 적산전력계 및 측정공 적정 설치여부 3. 방지시설 부적정 운영 및 오염물질 누출 등 불법행위 여부,서울특별시 성북구 화랑로7길 32 (하월곡동 월곡송림건강랜드)
82,서울특별시,성북구,고려대학교 의과대학,22,폐수배출업소관리,20160323,가동시작신고에 따른 점검 배출시설 설치사항 방지시설 운영사항 등 확인,서울특별시 성북구 인촌로 73 (안암동5가 고려대학교 의과대학)
83,서울특별시,성북구,돈암한증원,21,대기배출업소관리,20160215,대기 배출시설 및 방지시설의 신고사항 일치여부 적산 전력계 및 측정공 적정 설치여부 방지시설 부적정 운영 및 오염물질 누출 등 불법행위 여부,서울특별시 성북구 동소문로13나길 103 (동소문동7가 봉황사(법륜종))
84,서울특별시,성북구,상진운수(주),21,대기배출업소관리,20151028,대기배출시설 및 방지시설 운영실태,서울특별시 성북구 한천로76길 42  (석관동)
85,서울특별시,성북구,도원교통(주),21,대기배출업소관리,20151028,대기배출시설 및 방지시설 운영실태,
86,서울특별시,성북구,동성자동차공업(주),21,대기배출업소관리,20151028,대기배출시설 및 방지시설 운영실태,
87,서울특별시,성북구,성실산업,22,폐수배출업소관리,20151022,폐수배출시설 및 방지시설 관리실태,서울특별시 성북구 장월로1마길 21 (하월곡동)
88,서울특별시,성북구,주-원천석유 원천제1주유소,22,폐수배출업소관리,20151022,폐수배출시설 및 방지시설 관리실태,서울특별시 성북구 보국문로 52 (정릉동)
89,서울특별시,성북구,고려대학교,22,폐수배출업소관리,20151020,폐수배출시설 및 방지시설 관리실태,
90,서울특별시,성북구,금호카세차장,22,폐수배출업소관리,20151020,폐수배출시설 및 방지시설 관리실태,서울특별시 성북구 화랑로 118  (하월곡동)
91,서울특별시,성북구,현대세차장,22,폐수배출업소관리,20151019,폐수배출시설 및 방지시설 관리실태,서울특별시 성북구 정릉로 255 (정릉동)
92,서울특별시,성북구,하이상운(주),22,폐수배출업소관리,20151019,폐수배출시설 및 방지시설 관리실태,서울특별시 성북구 월계로 136 (장위동)
93,서울특별시,성북구,석관동지하차고및스포츠센타,22,폐수배출업소관리,20151015,폐수배출시설 및 방지시설 관리실태,서울특별시 성북구 한천로58길 307 (석관동)
94,서울특별시,성북구,상진운수(주),22,폐수배출업소관리,20151015,폐수배출시설 및 방지시설 관리실태,
95,서울특별시,성북구,1급서비스쎈타,22,폐수배출업소관리,20151015,폐수배출시설 및 방지시설 관리실태,
96,서울특별시,성북구,그린에너지-주 종암주유소,22,폐수배출업소관리,20151014,폐수배출시설 및 방지시설 관리실태,서울특별시 성북구 종암로 145 (종암동)
97,서울특별시,성북구,골프파크,22,폐수배출업소관리,20151014,폐수배출시설 및 방지시설 관리실태,서울특별시 성북구 오패산로5길 9-14 (하월곡동)
98,서울특별시,성북구,고려대학교의과대학부속병원,22,폐수배출업소관리,20151014,폐수배출시설 및 방지시설 관리실태,서울특별시 성북구 인촌로 73 (안암동5가)
99,서울특별시,성북구,서울척병원,22,폐수배출업소관리,20151007,폐수배출시설 및 방지시설 관리실태,서울특별시 성북구 동소문로47길 8  (길음동)
100,서울특별시,성북구,의료법인 우신의료재단,22,폐수배출업소관리,20151007,폐수배출시설 및 방지시설 관리실태,서울특별시 성북구 안암로 99 (안암동5가)
101,서울특별시,성북구,성신여대,22,폐수배출업소관리,20151006,폐수배출시설 및 방지시설 관리실태,
102,서울특별시,성북구,동덕여자대학교,22,폐수배출업소관리,20151006,폐수배출시설 및 방지시설 관리실태,
103,서울특별시,성북구,현보문세차장,22,폐수배출업소관리,20150922,폐수배출시설 및 방지시설 정상가동여부,서울특별시 성북구 인촌로8길 61 (안암동3가)
104,서울특별시,성북구,성북자동차공업사손세차,22,폐수배출업소관리,20150922,폐수배출시설 및 방지시설 정상가동여부,서울특별시 성북구 보문로26길 23 (보문동1가)
105,서울특별시,성북구,아리수세차장,22,폐수배출업소관리,20150805,폐수배출시설 및 방지시설 정상가동여부,서울특별시 성북구 한천로 620 (장위동)
106,서울특별시,성북구,대륙여객자동차(주),22,폐수배출업소관리,20150805,폐수배출시설 및 방지시설 정상가동여부,서울특별시 성북구 한천로 624 (장위동)
107,서울특별시,성북구,메트로셀프세차장,22,폐수배출업소관리,20150805,폐수배출시설 및 방지시설 정상가동여부,
108,서울특별시,성북구,(주)아띠모,22,폐수배출업소관리,20150728,폐수배출시설 및 방지시설 가동실태,서울특별시 성북구 보문로29길 60  (삼선동5가)
109,서울특별시,성북구,명진카오토프라자,22,폐수배출업소관리,20150728,폐수배출시설 및 방지시설 가동실태,
110,서울특별시,성북구,매트로셀프세차장,22,폐수배출업소관리,20150728,폐수배출시설 및 방지시설 가동실태,
111,서울특별시,성북구,현보문세차장,22,폐수배출업소관리,20150715,폐수배출시설 및 방지시설 가동실태,서울특별시 성북구 인촌로8길 61 (안암동3가)
112,서울특별시,성북구,성북자동차공업사손세차,22,폐수배출업소관리,20150715,폐수배출시설 및 방지시설 가동실태,서울특별시 성북구 보문로26길 23 (보문동1가)
113,서울특별시,성북구,삼선주유소,22,폐수배출업소관리,20150709,폐수배출시설 및 방지시설 가동실태,
114,서울특별시,성북구,고려대학교,22,폐수배출업소관리,20150709,폐수배출시설 및 방지시설 가동실태,
115,서울특별시,성북구,(주)아띠모,22,폐수배출업소관리,20150707,방지시설 적정가동여부 등,서울특별시 성북구 보문로29길 60  (삼선동5가)
116,서울특별시,성북구,고려대학교,22,폐수배출업소관리,20150707,방지시설 적정가동여부 등,
117,서울특별시,성북구,성진운수(주),22,폐수배출업소관리,20150707,방지시설 적정가동여부 등,서울특별시 성북구 한천로84길 8 (장위동)
118,서울특별시,성북구,도원교통(주),22,폐수배출업소관리,20150707,방지시설 적정가동여부 등,서울특별시 성북구 정릉로10길 17 (정릉동)
119,서울특별시,성북구,북악주유소,22,폐수배출업소관리,20150701,폐수배출시설 및 방지시설 운영실태,서울특별시 성북구 정릉로 218 (정릉동)
120,서울특별시,성북구,주-원천석유 원천제1주유소,22,폐수배출업소관리,20150701,방지시설 적정가동여부 등,서울특별시 성북구 보국문로 52 (정릉동)
121,서울특별시,성북구,북악주유소,22,폐수배출업소관리,20150701,방지시설 적정가동여부 등,서울특별시 성북구 정릉로 218 (정릉동)
122,서울특별시,성북구,중앙주유소,22,폐수배출업소관리,20150701,방지시설 적정가동여부 등,서울특별시 성북구 보문로 27 (보문동7가)
123,서울특별시,성북구,현대오일뱅크(주)고대주유소,22,폐수배출업소관리,20150701,방지시설 적정가동여부 등,서울특별시 성북구 종암로 12  (종암동)
124,서울특별시,성북구,고려주유소,22,폐수배출업소관리,20150701,방지시설 적정가동여부 등,서울특별시 성북구 종암로 17 (종암동 고려주유소)
125,서울특별시,성북구,닥터장손세차장,22,폐수배출업소관리,20150701,방지시설 적정가동여부 등,서울특별시 성북구 장월로 26 (장위동)
126,서울특별시,성북구,닥터장손세차장,22,폐수배출업소관리,20150701,폐수배출시설 및 방지시설 운영실태,서울특별시 성북구 장월로 26 (장위동)
127,서울특별시,성북구,주-원천석유 원천제1주유소,22,폐수배출업소관리,20150701,폐수배출시설 및 방지시설 운영실태,서울특별시 성북구 보국문로 52 (정릉동)
128,서울특별시,성북구,현대오일뱅크(주)직영고대주유소,22,폐수배출업소관리,20150701,폐수배출시설 및 방지시설 운영실태,서울특별시 성북구 종암로 12  (종암동)
129,서울특별시,성북구,고려주유소,22,폐수배출업소관리,20150701,폐수배출시설 및 방지시설 운영실태,서울특별시 성북구 종암로 17 (종암동 고려주유소)
130,서울특별시,성북구,중앙주유소,22,폐수배출업소관리,20150701,폐수배출시설 및 방지시설 운영실태,서울특별시 성북구 보문로 27 (보문동7가)
131,서울특별시,성북구,한국과학기술연구원,22,폐수배출업소관리,20150529,폐수배출시설 및 방지시설 정상가동 여부,
132,서울특별시,성북구,성실산업,22,폐수배출업소관리,20150529,폐수배출시설 및 방지시설 정상가동 여부,서울특별시 성북구 장월로1마길 21 (하월곡동)
133,서울특별시,성북구,장위주유소,22,폐수배출업소관리,20150529,폐수배출시설 및 방지시설 정상가동 여부,서울특별시 성북구 화랑로 110  (하월곡동)
134,서울특별시,성북구,금호카세차장,22,폐수배출업소관리,20150529,폐수배출시설 및 방지시설 정상가동 여부,서울특별시 성북구 화랑로 118  (하월곡동)
135,서울특별시,성북구,월곡윤활유급유소,22,폐수배출업소관리,20150529,폐수배출시설 및 방지시설 정상가동 여부,서울특별시 성북구 화랑로 160 (상월곡동)
136,서울특별시,성북구,SK글로벌(주)한천로주유소,22,폐수배출업소관리,20150529,폐수배출시설 및 방지시설 정상가동 여부,서울특별시 성북구 한천로 727  (장위동)
137,서울특별시,성북구,고려대학교(세차),22,폐수배출업소관리,20150327,폐수배출시설 및 방지시설 운영상태,
138,서울특별시,성북구,고려대학교,22,폐수배출업소관리,20150327,폐수배출시설 및 방지시설 운영상태,
139,서울특별시,성북구,성북주유소,22,폐수배출업소관리,20150327,폐수배출시설 및 방지시설 운영상태,서울특별시 성북구 보문로 142 (보문동1가)
140,서울특별시,성북구,보문윤활유급유소,22,폐수배출업소관리,20150327,폐수배출시설 및 방지시설 운영상태,
141,서울특별시,성북구,국민대학교,22,폐수배출업소관리,20150325,폐수배출시설 위탁처리 적정여부,서울특별시 성북구 정릉로 77  (정릉동국민대학교)
142,서울특별시,성북구,서경대학교,22,폐수배출업소관리,20150325,폐수배출시설 위탁처리 적정여부,
143,서울특별시,성북구,영은사,22,폐수배출업소관리,20150325,폐수배출시설 위탁처리 적정여부,
144,서울특별시,성북구,세창주유소,22,,20150226,폐수배출시설 및 방지시설 정상가동 여부 등,서울특별시 성북구 동소문로47길 8 (길음동)
145,서울특별시,성북구,한국과학기술연구원,22,,20150211,배출업소 및 방지시설 적정 운영여부,
146,서울특별시,성북구,고려대학교,22,,20150211,폐수 배출시설 및 방지시설 적정운영여부,
147,서울특별시,성북구,상진운수(주),22,폐수배출업소관리,20141229,폐수 배출시설 및 방지시설 적정운영여부,
148,서울특별시,성북구,상진운수(주),21,대기배출업소관리,20141229,대기 배출시설 및 방지시설 적정운영여부,서울특별시 성북구 한천로76길 42  (석관동)
149,서울특별시,성북구,고려대학교,22,폐수배출업소관리,20141210,폐수 배출시설 및 방지시설 적정운영여부,
150,서울특별시,성북구,(주)온누리모터스,21,대기배출업소관리,20141210,대기 배출시설 및 방지시설 적정운영여부,서울특별시 성북구 보문로 41 (보문동7가)
151,서울특별시,성북구,고려대학교보건과학대학,22,폐수배출업소관리,20141107,배출시설 및 방지시설 적정운영여부,
152,서울특별시,성북구,의료법인 서광의료재단 성북중앙병원,22,폐수배출업소관리,20141031,배출업소 및 방지시설 적정 운영여부,서울특별시 성북구 종암로 72 (종암동 성북중앙병원)
153,서울특별시,성북구,성가복지병원,22,폐수배출업소관리,20141031,배출업소 및 방지시설 적정 운영여부,서울특별시 성북구 종암로 191 (하월곡동성가복지병원)
154,서울특별시,성북구,고려대학교 의과대학 부속병원,22,폐수배출업소관리,20141028,배출업소 및 방지시설 적정 운영여부,
155,서울특별시,성북구,한국과학기술연구원,22,폐수배출업소관리,20141028,배출업소 및 방지시설 적정 운영여부,
156,서울특별시,성북구,그린자동차공업사,22,폐수배출업소관리,20141027,배출업소 및 방지시설 적정 운영여부,서울특별시 성북구 장월로6길 31-11 (장위동)
157,서울특별시,성북구,성북소방서세차장,22,폐수배출업소관리,20141027,배출업소 및 방지시설 적정 운영여부,
158,서울특별시,성북구,보성세차장,22,폐수배출업소관리,20141027,배출업소 및 방지시설 적정 운영여부,서울특별시 성북구 성북로 76-8 (성북동)
159,서울특별시,성북구,정현카세차장,22,폐수배출업소관리,20141008,배출업소 및 방지시설 적정 운영여부,
160,서울특별시,성북구,청백세차장,22,폐수배출업소관리,20141008,배출업소 및 방지시설 적정 운영여부,서울특별시 성북구 돌곶이로 197-3  (장위동)
161,서울특별시,성북구,대진여객(주),21,대기배출업소관리,20141006,배출업소 및 방지시설 적정 운영여부,
162,서울특별시,성북구,도원교통(주),21,대기배출업소관리,20141006,배출업소 및 방지시설 적정 운영여부,
163,서울특별시,성북구,삼우자동차서비스,21,대기배출업소관리,20141002,배출업소 및 방지시설 적정 운영여부,서울특별시 성북구 창경궁로 316  (삼선동1가)
164,서울특별시,성북구,(주)온누리모터스,21,대기배출업소관리,20141002,배출업소 및 방지시설 적정 운영여부,서울특별시 성북구 보문로 41 (보문동7가)
165,서울특별시,성북구,고려대학교,22,폐수배출업소관리,20140904,폐수 배출시설 및 방지시설 적정여부,
166,서울특별시,성북구,도원교통(주),22,폐수배출업소관리,20140806,배출시설 및 방지시설 적정운영여부,서울특별시 성북구 정릉로10길 17 (정릉동)
167,서울특별시,성북구,대왕기업(주),22,폐수배출업소관리,20140806,배출시설 및 방지시설 적정운영여부,서울특별시 성북구 보국문로 67 (정릉동)
168,서울특별시,성북구,을지운수(주),22,폐수배출업소관리,20140806,배출시설 및 방지시설 적정운영여부,
169,서울특별시,성북구,대진여객(주),22,폐수배출업소관리,20140806,배출시설 및 방지시설 적정운영여부,서울특별시 성북구 보국문로 204 (정릉동 대진여객)
170,서울특별시,성북구,대진여객(주),22,폐수배출업소관리,20140713,공휴일 취약시기 특별점검,서울특별시 성북구 보국문로 204 (정릉동 대진여객)
171,서울특별시,성북구,상진운수(주),22,폐수배출업소관리,20140713,공휴일 취약시기 특별점검,
172,서울특별시,성북구,도원교통(주),22,폐수배출업소관리,20140713,공휴일 취약시기 특별점검,서울특별시 성북구 정릉로10길 17 (정릉동)
173,서울특별시,성북구,(주)아띠모,22,폐수배출업소관리,20140612,개선명령 이행완료 확인,서울특별시 성북구 보문로29길 60  (삼선동5가)
174,서울특별시,성북구,청수세차장,22,폐수배출업소관리,20140528,폐수 배출시설 및 방지시설 적정운영여부,
175,서울특별시,성북구,고려대학교보건과학대학,22,폐수배출업소관리,20140528,폐수 배출시설 및 방지시설 적정운영여부,
176,서울특별시,성북구,삼덕세차장,22,폐수배출업소관리,20140528,폐수 배출시설 및 방지시설 적정운영여부,서울특별시 성북구 북악산로 852-1  (정릉동)
177,서울특별시,성북구,을지운수(주),22,폐수배출업소관리,20140521,폐수 배출시설 및 방지시설 적정운영여부,
178,서울특별시,성북구,영도상운주식회사,22,폐수배출업소관리,20140521,폐수 배출시설 및 방지시설 적정운영여부,서울특별시 성북구 보국문로 58 (정릉동)
179,서울특별시,성북구,차병원,22,폐수배출업소관리,20140521,폐수 배출시설 및 방지시설 적정운영여부,
180,서울특별시,성북구,(주)아띠모,22,폐수배출업소관리,20140521,폐수 배출시설 및 방지시설 적정운영여부,서울특별시 성북구 보문로29길 60  (삼선동5가)
181,서울특별시,성북구,도원교통(주),22,폐수배출업소관리,20140516,폐수 배출시설 및 방지시설 적정운영여부,서울특별시 성북구 정릉로10길 17 (정릉동)
182,서울특별시,성북구,카맥셀프세차장,22,폐수배출업소관리,20140516,폐수 배출시설 및 방지시설 적정운영여부,서울특별시 성북구 정릉로 203 (정릉동)
183,서울특별시,성북구,대왕기업(주),22,폐수배출업소관리,20140516,폐수배출시설 및 방지시설 적정 운영여부,서울특별시 성북구 보국문로 67 (정릉동)
184,서울특별시,성북구,유투바이오진단검사의학과,22,폐수배출업소관리,20140515,폐수배출시설 및 방지시설 적정 운영여부,서울특별시 성북구 화랑로 275 (장위동)
185,서울특별시,성북구,동덕여자대학교,22,폐수배출업소관리,20140515,폐수배출시설 및 방지시설 적정 운영여부,
186,서울특별시,성북구,도원교통(주),22,폐수배출업소관리,20140514,폐수배출시설 및 방지시설 적정 운영여부,서울특별시 성북구 정릉로10길 17 (정릉동)
187,서울특별시,성북구,대진여객(주),22,폐수배출업소관리,20140514,폐수배출시설 및 방지시설 적정 운영여부,서울특별시 성북구 보국문로 204 (정릉동 대진여객)
188,서울특별시,성북구,우리주유소,22,폐수배출업소관리,20140423,폐수 배출시설 및 방지시설 적정운영여부,서울특별시 성북구 화랑로 292  (석관동)
189,서울특별시,성북구,금호카세차장,22,폐수배출업소관리,20140417,폐수 배출시설 및 방지시설 적정운영여부,서울특별시 성북구 화랑로 118  (하월곡동)
190,서울특별시,성북구,신명에너지(주) 화랑로주유소,22,폐수배출업소관리,20140319,폐수배출시설 및 방지시설 운영 적정여부,서울특별시 성북구 화랑로 174 (상월곡동)
191,서울특별시,성북구,주식회사 중앙에너비스종암지점,22,폐수배출업소관리,20140319,폐수 배출시설 및 방지시설 적정운영 여부,서울특별시 성북구 종암로 58  (종암동)
192,서울특별시,성북구,으뜸세차장,22,폐수배출업소관리,20140312,폐수배출시설 및 방지시설 운영 적정여부,서울특별시 성북구 오패산로1길 9 (하월곡동)
193,서울특별시,성북구,대륙여객자동차(주),22,폐수배출업소관리,20140312,폐수배출시설 및 방지시설 운영 적정여부,서울특별시 성북구 한천로 624 (장위동)
194,서울특별시,성북구,영광교통(주),22,폐수배출업소관리,20140305,폐수배출시설 및 방지시설 운영 적정여부,서울특별시 성북구 한천로 618 (장위동)
195,서울특별시,성북구,성진운수(주),22,폐수배출업소관리,20140305,폐수배출시설 및 방지시설 운영 적정여부,서울특별시 성북구 한천로84길 8 (장위동)
196,서울특별시,성북구,의료법인참예원의료재단 성북참노인전문병원,22,폐수배출업소관리,20140304,폐수배출시설 및 방지시설 운영 적정여부,서울특별시 성북구 북악산로1길 71  (정릉동)
197,서울특별시,성북구,고려대학교보건과학대학,22,폐수배출업소관리,20140304,폐수배출시설 및 방지시설 운영 적정여부,
198,서울특별시,성북구,대진여객(주),22,폐수배출업소관리,20140122,설연휴 환경오염행위 감시,
199,서울특별시,성북구,상진운수(주),22,폐수배출업소관리,20140122,설연휴 환경오염행위 감시,
200,서울특별시,성북구,도원교통(주),22,폐수배출업소관리,20140122,설연휴 환경오염행위 감시,서울특별시 성북구 정릉로10길 17 (정릉동)
201,서울특별시,성북구,(주)온누리모터스,21,대기배출업소관리,20131230,대기배출시설 가동개시신고 적정여부,서울특별시 성북구 보문로 41 (보문동7가)
202,서울특별시,성북구,카맥셀프세차장,22,폐수배출업소관리,20131218,폐수배출시설 및 방지시설 적정운영여부,서울특별시 성북구 정릉로 203 (정릉동)
203,서울특별시,성북구,성진운수(주),22,폐수배출업소관리,20131218,폐수배출시설 및 방지시설 적정운영여부,서울특별시 성북구 한천로84길 8 (장위동)
204,서울특별시,성북구,명성자동차외형복원,21,대기배출업소관리,20131119,무신고 대기배출시설 설치 여부,
205,서울특별시,성북구,명진카오토프라자,22,폐수배출업소관리,20130828,폐수배출시설 및 방지지설 운영 현황,
206,서울특별시,성북구,월곡윤활유급유소,22,폐수배출업소관리,20130821,배출시설 및 방지시설 점검,서울특별시 성북구 화랑로 160 (상월곡동)
207,서울특별시,성북구,메트로셀프세차장,22,폐수배출업소관리,20130821,배출시설 및 방ㅈ비시설 점검,
208,서울특별시,성북구,고려대학교,22,폐수배출업소관리,20130819,개선명령 이행보고 사항 점검,
209,서울특별시,성북구,동성자동차공업(주),21,대기배출업소관리,20130814,배출시설 및 방지시설 운영 사항,
210,서울특별시,성북구,도원교통(주),21,대기배출업소관리,20130814,배출시설 및 방지시설 점검,
211,서울특별시,성북구,카맥셀프세차장,22,폐수배출업소관리,20130814,배출시설 및 방지시설 지도 점검,서울특별시 성북구 정릉로 203 (정릉동)
212,서울특별시,성북구,도원교통(주),22,폐수배출업소관리,20130814,배출시설 및 방지시설 점검,서울특별시 성북구 정릉로10길 17 (정릉동)
213,서울특별시,성북구,대륙여객자동차(주),22,폐수배출업소관리,20130809,배출시설 및 방지시설 지도 점검,서울특별시 성북구 한천로 624 (장위동)
214,서울특별시,성북구,아리수세차장,22,폐수배출업소관리,20130809,배출시설 및 방지시설 점검,서울특별시 성북구 한천로 620 (장위동)
215,서울특별시,성북구,카맥24시셀프세차장,22,폐수배출업소관리,20121221,배출 및 방지시설 정상가동 여부,서울특별시 성북구 정릉로 203 (정릉동)
216,서울특별시,성북구,보성세차장,22,폐수배출업소관리,20121221,배출 및 방지시설 정상가동 여부,
217,서울특별시,성북구,성북중앙병원,22,폐수배출업소관리,20121220,배출 및 방지시설 정상가동 여부,
218,서울특별시,성북구,주식회사 중앙에너비스종암지점,22,폐수배출업소관리,20121207,배출 및 방지시설 정상가동 여부,
219,서울특별시,성북구,성가복지병원,22,폐수배출업소관리,20121207,배출및방지시설 정상가동 여부,
220,서울특별시,성북구,(주)아띠모,22,폐수배출업소관리,20121206,배출및방지시설정상가동여부,
221,서울특별시,성북구,으뜸세차장,22,폐수배출업소관리,20121206,배출및방지시설정상사동여부,
222,서울특별시,성북구,성가복지병원,22,,20121206,배출및방지시설 정상가동 여부,
223,서울특별시,성북구,동흥개발-주,22,폐수배출업소관리,20121205,배출및방지시설정상가동여부,
224,서울특별시,성북구,카맥24시셀프세차장,22,폐수배출업소관리,20121205,배출및방지시설정상가동여부,서울특별시 성북구 정릉로 203 (정릉동)
225,서울특별시,성북구,동흥개발-주,22,폐수배출업소관리,20121205,배출및방지시설정상가동여부,
226,서울특별시,성북구,워시오케이,22,폐수배출업소관리,20121204,배출및방지시설 정상가동여부,
227,서울특별시,성북구,서울척병원,22,폐수배출업소관리,20121204,배출및방지시설 정상가동여부,
228,서울특별시,성북구,성북중앙병원,22,폐수배출업소관리,20121204,배출및방지시설 정상가동 여부,
229,서울특별시,성북구,고려대학교의과대학부속병원,22,폐수배출업소관리,20121126,배출 및 방지시설 적정가동 유무,
230,서울특별시,성북구,청수세차장,22,,20121031,폐수배출시설 및 방지시설 적정가동 여부 등,
231,서울특별시,성북구,유투바이오진단검사의학과,22,,20121031,배출및방지시설 정상가동여부,
232,서울특별시,성북구,성실산업,22,,20121031,배출및방지시설 정상가동 여부,
233,서울특별시,성북구,성북소방서세차장,22,폐수배출업소관리,20121030,배출 및 방지시설 정상가동 여부,
234,서울특별시,성북구,동덕여자대학교,22,폐수배출업소관리,20121030,배출 및 방지시설 정상가동 여부,
235,서울특별시,성북구,정현카세차장,22,폐수배출업소관리,20121030,배출 및 방지지설 정상가동 여부,
236,서울특별시,성북구,성북참노인전문병원,22,폐수배출업소관리,20121026,배출 및 방지시설 적정운영 여부,
237,서울특별시,성북구,삼덕세차장,22,폐수배출업소관리,20121026,배출 및 방지시설 적정운영 여부,
238,서울특별시,성북구,엣지주유소,22,폐수배출업소관리,20120920,배출및방지시설 정상가동 여부,
239,서울특별시,성북구,그린에너지(주)직영 종암주유소,22,폐수배출업소관리,20120920,배출및방지시설 정상가동 여부,
240,서울특별시,성북구,청백세차장,22,폐수배출업소관리,20120920,배출및 방지시설 정상가동 여부,
241,서울특별시,성북구,성진운수(주),22,폐수배출업소관리,20120823,폐수배출 및 방지시설 정상가동 여부,
242,서울특별시,성북구,삼우자동차서비스,21,,20120809,대기배출시설 및 방지시설 적정 가동 여부 등,
243,서울특별시,성북구,대륙여객자동차(주),22,,20120801,배출 및 방지시설 정상가동여부,
244,서울특별시,성북구,성진운수(주),22,,20120801,,
245,서울특별시,성북구,을지운수(주),22,,20120801,배출 및 방지시설 정상가동여부,
246,서울특별시,성북구,대왕기업(주),22,,20120801,배출 및 방지시설 정상가동 여부,
247,서울특별시,성북구,영도상운(주),22,,20120801,폐수배출시설 및 방지시설 적정가동 여부 등,
248,서울특별시,성북구,영광교통(주),22,,20120801,폐수배출시설 및 방지시설 적정가동여부,
249,서울특별시,성북구,대진여객(주),21,,20120711,대기배출시설 및 방지시설 적정 가동 여부 등,
250,서울특별시,성북구,대진여객(주),22,,20120711,폐수배출시설 및 방지시설 정상가동 여부 등,
251,서울특별시,성북구,대진여객(주),34,,20120711,법정준수사항 및 시설 준수 등,
252,서울특별시,성북구,동성자동차공업(주),21,대기배출업소관리,20120628,대기배출시설 및 방지시설 적정가동 여부 등,
253,서울특별시,성북구,고려개발-주,22,폐수배출업소관리,20120613,배출및방지시설 정상가동 여부,
254,서울특별시,성북구,(주)대양토건,22,폐수배출업소관리,20120613,배출및방지시설 정상가동 여부,
255,서울특별시,성북구,도원교통(주),21,대기배출업소관리,20120605,대기배출시설 및 방지시설 적정가동 여부 등,
256,서울특별시,성북구,현대자동차 안암점,22,,20120517,배출및방지시설 정상가동여부,
257,서울특별시,성북구,월곡윤활유급유소,22,,20120509,수질 및 수생택계보전에 관한 법류 위반 여부,
258,서울특별시,성북구,골프파크,22,,20120509,배출및가동시설 정상가동 여부 등,서울특별시 성북구 오패산로5길 9-14 (하월곡동)
259,서울특별시,성북구,월곡윤활유급유소,22,,20120503,수질 및 수생택계보전에 관한 법류 위반 여부,
260,서울특별시,성북구,그린자동차공업사,22,,20120503,배출및방지시설 정상가동여부,
261,서울특별시,성북구,그린자동차공업사,22,폐수배출업소관리,20120418,배출및방지시설 정상가동여부,
262,서울특별시,성북구,현대자동차 안암점,22,폐수배출업소관리,20120418,배출및방지시설 정상가동여부,
263,서울특별시,성북구,장석주유소,22,폐수배출업소관리,20120418,배출및방지시설 정상가동여부,
264,서울특별시,성북구,금호카세차장,22,폐수배출업소관리,20120412,배출및방지시설 정상가동여부,
265,서울특별시,성북구,보성세차장,22,폐수배출업소관리,20120412,배출및방지시설 정상가동 여부,
266,서울특별시,성북구,차병원,22,폐수배출업소관리,20120412,배출 및 방지시설 정상가동여부,
267,서울특별시,성북구,재원에너지(주)고대주유소,22,폐수배출업소관리,20120322,폐수배출및 방지시설 적정 가동여부,
268,서울특별시,성북구,금호카세차장,22,폐수배출업소관리,20120322,폐수배출 및 방지시설 적정 가동 여부,
269,서울특별시,성북구,영광교통(주),22,폐수배출업소관리,20120308,폐수배출시설 및 방지시설 적정가동여부,
270,서울특별시,성북구,화랑로주유소,22,폐수배출업소관리,20120308,배출시설 및 방지시설 적정가동여부,
271,서울특별시,성북구,현대자동차 안암점,22,폐수배출업소관리,20120308,폐수배출 및 방지시설 적정가동여부,
272,서울특별시,성북구,영도상운(주),22,,20120224,폐수배출시설 및 방지시설 적정가동 여부 등,
273,서울특별시,성북구,대왕기업(주),22,,20120224,배출 및 방지시설 정상가동 여부,
274,서울특별시,성북구,카맥24시셀프세차장,22,,20120224,배출 및 방지시설 정상가동여부,
275,서울특별시,성북구,한국과학기술연구원,22,,20120223,폐수배출시설 및 방지시설 적정 가동 여부 등,
276,서울특별시,성북구,영광교통(주),22,폐수배출업소관리,20120111,배출 및 방지시설 정상가동 여부,
277,서울특별시,성북구,대왕기업(주),22,폐수배출업소관리,20120110,배출 및 방지시설 정상가동 여부,
278,서울특별시,성북구,영도상운주식회사,22,폐수배출업소관리,20120110,배출 및 방지시설 정상가동 여부,
279,서울특별시,성북구,을지운수(주),22,폐수배출업소관리,20120110,배출 및 방지시설 정상가동여부,
280,서울특별시,성북구,성진운수(주),22,폐수배출업소관리,20120110,배출 및 방지시설 정상가동여부,
281,서울특별시,성북구,대륙여객자동차(주),22,폐수배출업소관리,20120110,배출 및 방지시설 정상가동여부,
282,서울특별시,성북구,석관동지하차고및스포츠센타,22,폐수배출업소관리,20111212,배출시설 및 방지시설 정상가동 여부,
283,서울특별시,성북구,(주)대양토건,22,폐수배출업소관리,20111212,배출 및 방지시설 정상가동 여부,
284,서울특별시,성북구,대한셀프세차장,22,폐수배출업소관리,20111205,배출 및 방지시설 정상가동 여부,
285,서울특별시,성북구,의료법인우신의료재단,22,폐수배출업소관리,20111117,폐수 및 배출시설 정상가동여부,
286,서울특별시,성북구,운양건설(주),22,폐수배출업소관리,20111117,배출 및 방지시설 정상가동여부,
287,서울특별시,성북구,서울척병원,22,폐수배출업소관리,20111107,배출 및 방지시설 정상가동 여부,
288,서울특별시,성북구,삼선주유소,22,폐수배출업소관리,20110930,배출시설 및 방지시설 정상가동 여부,
289,서울특별시,성북구,으뜸세차장,22,폐수배출업소관리,20110930,폐수배출시설 및 방지시설 정상가동 여부,
290,서울특별시,성북구,고려주유소,22,폐수배출업소관리,20110927,#NAME?,
291,서울특별시,성북구,도원교통(주),22,폐수배출업소관리,20110927,#NAME?,
292,서울특별시,성북구,매트로셀프세차장,22,폐수배출업소관리,20110927,#NAME?,
293,서울특별시,성북구,도원교통(주),22,폐수배출업소관리,20110926,폐수배출시설 및 방지시설 정상가동 여부 등,
294,서울특별시,성북구,대진여객(주),22,폐수배출업소관리,20110926,폐수배출시설 및 방지시설 정상가동 여부 등,
295,서울특별시,성북구,도원교통(주),21,대기배출업소관리,20110926,대기배출시설 및 방지시설 적정가동 여부 등,
296,서울특별시,성북구,우리주유소,22,폐수배출업소관리,20110926,폐수배출시설 및 방지시설 정상가동 여부 등,
297,서울특별시,성북구,대한셀프세차장,22,폐수배출업소관리,20110923,폐수배출시설 및 방지시설 정상가동 여부 등,
298,서울특별시,성북구,장위주유소,22,폐수배출업소관리,20110923,폐수배출시설 및 방지시설 정상가동 여부 등,
299,서울특별시,성북구,우리주유소,22,폐수배출업소관리,20110923,폐수배출시설 및 방지시설 정상가동 여부 등,
300,서울특별시,성북구,고려주유소,22,폐수배출업소관리,20110921,폐수배출시설 및 방지시설 정상가동 여부 등,
301,서울특별시,성북구,의료법인우신의료재단,22,폐수배출업소관리,20110921,폐수배출시설 및 방지시설 정상가동 여부 등,
302,서울특별시,성북구,GS칼텍스(주)직영 세창점,22,폐수배출업소관리,20110921,폐수배출시설 및 방지시설 정상가동 여부 등,
303,서울특별시,성북구,고려대학교(세차),22,폐수배출업소관리,20110921,폐수배출시설 및 방지시설 정상가동 여부 등,
304,서울특별시,성북구,현대세차장,22,폐수배출업소관리,20110920,폐수배출시설 및 방지시설 정상가동 여부 등,
305,서울특별시,성북구,대진여객(주),22,폐수배출업소관리,20110920,폐수배출시설 및 방지시설 정상가동 여부 등,
306,서울특별시,성북구,매트로셀프세차장,22,폐수배출업소관리,20110920,폐수배출시설 및 방지시설 정상가동 여부 등,
307,서울특별시,성북구,성북소방서세차장,22,폐수배출업소관리,20110829,배출기설 및 방지시설 정상가동 여부,
308,서울특별시,성북구,화랑로주유소,22,폐수배출업소관리,20110627,배출시설 및 방지시설 정상가동 여부 등,
309,서울특별시,성북구,삼우자동차서비스,21,대기배출업소관리,20110627,대기배출시설 및 방지시설 적정 가동 여부 등,
310,서울특별시,성북구,동성자동차공업(주),21,대기배출업소관리,20110627,대기배출시설 및 방지시설 적정가동 여부 등,
311,서울특별시,성북구,SK네트웍스(주)북악주유소,22,폐수배출업소관리,20110527,배출시설 및 가동시설 정상여부,
312,서울특별시,성북구,SK네트웍스(주)아리랑주유소,22,폐수배출업소관리,20110527,배출시설 및 방지시설 정상가동 여부,
313,서울특별시,성북구,원천제1주유소,22,폐수배출업소관리,20110527,배출시설 및 방지시설 정상가동 여부,
314,서울특별시,성북구,운양건설(주),22,폐수배출업소관리,20110523,개선계획서 이행여부,
315,서울특별시,성북구,보문윤활유급유소,22,폐수배출업소관리,20110523,배추시설 및 방지시설 정상가동 여부,
316,서울특별시,성북구,카맥24시셀프세차장,22,폐수배출업소관리,20110512,개선계획서 이행여부,
317,서울특별시,성북구,운양건설(주),22,폐수배출업소관리,20110504,가동개시 신고에 따른 점검,
318,서울특별시,성북구,성북주유소,22,폐수배출업소관리,20110425,수질 및 수생태계보전에 관한법률 준수 여부,
319,서울특별시,성북구,카맥24시셀프세차장,22,폐수배출업소관리,20110425,수질 및 수생태계보전에관한 법률 준수,
320,서울특별시,성북구,유투바이오진단검사의학과,22,폐수배출업소관리,20110408,변경신고 여부,
321,서울특별시,성북구,월곡윤활유급유소,22,폐수배출업소관리,20110322,수질 및 수생택계보전에 관한 법류 위반 여부,
322,서울특별시,성북구,고려대학교의과대학부속병원,22,,20110223,개선계획서 완료보고서 확인,
323,서울특별시,성북구,고려대학교의과대학부속병원,22,폐수배출업소관리,20110211,폐수배출시설 및 방지시설 적정가동 여부 등,
324,서울특별시,성북구,성실산업,22,폐수배출업소관리,20110118,폐수배출시설 및 방지시설 적정 가동여부 등,
325,서울특별시,성북구,성북구청청소차고,22,폐수배출업소관리,20101222,폐수배출시설 및 방지시설 적정가동 여부 등,
326,서울특별시,성북구,대진여객(주),22,폐수배출업소관리,20101222,폐수배출시설 및 방지시설 적정 가동여부 등,
327,서울특별시,성북구,도원교통(주),22,폐수배출업소관리,20101222,폐수배출시설 및 방지시설 적정가동 여부 등,
328,서울특별시,성북구,신기공업사,21,대기배출업소관리,20101210,대기배출시설 및 방지시설 적정가동 여부 등,
329,서울특별시,성북구,신기공업사,21,대기배출업소관리,20101124,대기배출시설 적정가동 여부 등,
330,서울특별시,성북구,운양건설(주),22,폐수배출업소관리,20101118,폐수배출시설 및 방지시설 적정가동 여부 등,
331,서울특별시,성북구,삼덕세차장,22,폐수배출업소관리,20100930,폐수배출시설 및 방지시설 적정가동 여부 등,
332,서울특별시,성북구,금호카세차장,22,폐수배출업소관리,20100930,폐수배출시설 및 방지시설 적정 가동 여부 등,
333,서울특별시,성북구,현대자동차 안암점,22,폐수배출업소관리,20100930,폐수배출시설 및 방지시설 적정가동 여부 등,
334,서울특별시,성북구,상진운수(주),21,대기배출업소관리,20100901,대기배출시설 및 방지시설 적정가동 여부 등,
335,서울특별시,성북구,신기공업사,21,대기배출업소관리,20100901,대기배출시설 및 방지시설 적정가동 여부 등,
336,서울특별시,성북구,성가복지병원,22,폐수배출업소관리,20100825,폐수배출시설 및 방지시설 적정 가동 여부 등,
337,서울특별시,성북구,한국과학기술연구원,22,폐수배출업소관리,20100825,폐수배출시설 및 방지시설 적정 가동 여부 등,
338,서울특별시,성북구,의료법인 서광의료재단 성북중앙병원,22,폐수배출업소관리,20100805,폐수배출시설 및 방지시설 적정가동 여부 등,
339,서울특별시,성북구,1급서비스쎈타,22,폐수배출업소관리,20100805,폐수배출시설 및 방지시설 적정 가동 여부 등,
340,서울특별시,성북구,금호카세차장,22,폐수배출업소관리,20100805,폐수배출시설 및 방지시설 적정 가동 여부,
341,서울특별시,성북구,삼우자동차서비스,21,대기배출업소관리,20100630,대기배출시설 및 방지시설 적정가동 여부 등,
342,서울특별시,성북구,도원교통(주),21,대기배출업소관리,20100630,대기배출시설 및 방지시설 적정가동 여부 등,
343,서울특별시,성북구,대진여객(주),21,대기배출업소관리,20100630,대기배출시설 및 방지시설 적정 가동 여부 등,
344,서울특별시,성북구,(주)아띠모,22,폐수배출업소관리,20100625,폐수배출시설 및 방지시설 적정가동 여부,
345,서울특별시,성북구,청백세차장,22,폐수배출업소관리,20100625,폐수배출시설 및 방지시설 적정가동 여부,
346,서울특별시,성북구,정현카세차장,22,폐수배출업소관리,20100625,폐수배출시설 및 방지시설 적정가동 여부,
347,서울특별시,성북구,그린자동차공업사,22,폐수배출업소관리,20100618,폐수배출시설 및 방지시설 적정가동 여부,
348,서울특별시,성북구,금호카세차장,22,폐수배출업소관리,20100618,폐수배출시설 및 방지시설 적정가동 여부,
349,서울특별시,성북구,영광교통(주),22,폐수배출업소관리,20100610,폐수배출시설 및 방지시설 적정 가동 여부 등,
350,서울특별시,성북구,영도상운(주),22,폐수배출업소관리,20100610,폐수배출시설 및 방지시설 적정가동 여부 등,
351,서울특별시,성북구,을지운수(주),22,폐수배출업소관리,20100610,폐수배출시설 및 방지시설 적정가동 여부 등,
352,서울특별시,성북구,동아석유(주)직영 종암주유소,22,폐수배출업소관리,20100513,폐수배출시설 및 방지시설 적정가동 여부 등,
353,서울특별시,성북구,화랑로주유소,22,폐수배출업소관리,20100513,폐수배출시설 및 방지시설 적정 가동여부 등,
354,서울특별시,성북구,장위주유소,22,폐수배출업소관리,20100513,폐수배출시설 및 방지시설 적정가동 여부 등,
355,서울특별시,성북구,청수세차장,22,폐수배출업소관리,20100414,폐수배출시설 및 방지시설 적정가동 여부 등,
356,서울특별시,성북구,SK네트윅스(주)한천로주유소,22,폐수배출업소관리,20100414,폐수배출시설 및 방지시설 적정가동 여부 등,
357,서울특별시,성북구,주식회사 중앙에너비스종암지점,22,폐수배출업소관리,20100414,폐수배출시설 및 방지시설 적정가동 여부 등,
358,서울특별시,성북구,장석주유소,22,폐수배출업소관리,20100414,폐수배출시설 및 방지시설 적정가동 여부 등,
